movieId,title
1,title1
2,title2
3,title3
4,title4
5,title5
6,title6
7,title7
8,title8
9,title9
10,title10
11,title11
12,title12
13,title13
14,title14
15,title15
16,title16
17,title17
18,title18
19,title19
20,title20
21,title21
22,title22
23,title23
24,title24
25,title25
26,title26
27,title27
28,title28
29,title29
30,title30
31,title31
32,title32
33,title33
34,title34
35,title35
36,title36
37,title37
38,title38
39,title39
40,title40
41,title41
42,title42
43,title43
44,title44
45,title45
46,title46
47,title47
48,title48
49,title49
50,title50
51,title51
52,title52
53,title53
54,title54
55,title55
56,title56
57,title57
58,title58
59,title59
60,title60
61,title61
62,title62
63,title63
64,title64
65,title65
66,title66
67,title67
68,title68
69,title69
70,title70
71,title71
72,title72
73,title73
74,title74
75,title75
76,title76
77,title77
78,title78
79,title79
80,title80
81,title81
82,title82
83,title83
84,title84
85,title85
86,title86
87,title87
88,title88
89,title89
90,title90
91,title91
92,title92
93,title93
94,title94
95,title95
96,title96
97,title97
98,title98
99,title99
100,title100
